25110001,5,4,2025/12/19 15:43,0,82763,10889.224113185132,0.13157116239364366,2155.807260264656,5701,77062,513,215,61479,27851,1173,291,10,0,35,35,7,29011,1689,2,2,1,2,12047,1,0,20,2,0,9,2,9,6,56700,29011,1689
25110001,17,4,2025/12/19 15:44,0,45564,12216.124692458427,0.2681091364335534,3421.819490736408,9610,35954,552,97,17489,2852,1469,418,12,2,42,38,10,5656,1289,3,1,1,5,2022,3,0,23,2,1,11,2,11,9,23510,5656,1289
25110001,18,4,2025/12/19 15:47,0,27650,7601.306374249554,0.2749116229385011,3304.5515161470466,3991,23659,601,111,16369,5621,1461,349,9,0,31,32,7,4913,1083,0,1,1,5,8281,1,0,2,1,0,8,1,8,8,14631,4913,1083
25110001,22,4,2025/12/19 15:47,0,15348,5031.263022391051,0.327812289704916,1084.8302341044937,2620,12728,337,96,5167,1870,850,229,7,0,19,25,6,2473,1091,1,1,1,3,1319,0,0,0,0,0,6,1,6,6,7558,2473,1091
25110001,27,4,2025/12/19 15:46,0,14207,4987.73388599676,0.3510757996759879,1499.4104079746858,3308,10899,337,65,6269,2528,757,307,7,0,19,15,6,3016,1033,1,1,1,3,2197,0,0,7,1,0,6,1,6,6,7948,3016,1033
25110001,28,4,2025/12/19 15:45,0,45596,12012.851482774908,0.2634628362745615,5171.308630617908,14028,31568,236,52,21303,5912,891,399,9,1,36,30,7,7800,1568,2,2,1,2,6463,1,0,18,2,0,7,2,7,5,20429,7800,1568
25110001,39,3,2025/12/19 15:48,0,45583,6143.050795193837,0.13476626802083752,1375.677752028264,16247,29336,251,84,24933,17959,666,219,7,0,23,19,5,18377,1093,1,1,0,3,1220,1,0,9,1,0,6,1,6,6,27130,18377,1093
25110001,52,4,2025/12/19 15:48,0,35505,8841.115459983856,0.24901043402292228,2111.8905516547443,4688,30817,822,139,19350,10619,1188,436,11,0,33,27,8,11807,1259,1,1,1,5,1887,2,0,5,1,0,10,1,10,10,25353,11807,1259
25110001,57,3,2025/12/19 15:49,0,94109,14232.67373405233,0.15123605323669714,3522.177333395909,4986,89123,7696,6131,62417,10873,1801,378,20,4,57,57,12,18593,2382,4,3,1,4,20939,4,2,42,2,1,16,6,16,7,58580,18593,2382
25110001,61,4,2025/12/19 15:51,0,43147,9825.011985560881,0.22771019967925651,2726.864532652651,3234,39913,861,281,27249,6983,1700,311,12,2,45,33,9,7742,1008,2,3,1,3,1959,0,1,19,1,0,8,2,8,6,34360,7742,1008
25110001,65,4,2025/12/19 15:52,0,29692,6399.404284746334,0.21552621193406757,1453.9620508530486,6748,22944,356,70,12793,6998,744,226,9,0,19,23,7,7415,1194,1,1,1,4,1399,1,0,9,1,0,7,1,7,7,15289,7415,1194
25110001,68,4,2025/12/19 15:53,0,21762,6618.322257397758,0.30412288656363196,1595.516049237652,2852,18910,419,83,7942,1326,5208,452,9,0,27,25,8,6534,1088,1,1,1,5,2293,0,0,1,1,0,8,1,8,8,15755,6534,1088
25110001,74,3,2025/12/19 15:53,0,43090,10803.533511943278,0.2507202021801643,5088.120766182101,8778,34312,998,415,22077,7022,2043,243,12,1,34,42,8,5323,984,2,2,1,3,9184,1,1,8,1,0,10,2,10,7,21894,5323,984
25110001,99,4,2025/12/19 15:54,0,21843,7153.830643264876,0.32751136031062017,2676.620306245113,3762,18081,305,53,9998,2635,979,278,9,0,24,35,7,3958,1050,1,1,1,4,3390,1,0,14,1,0,8,1,8,8,11191,3958,1050
25110001,105,3,2025/12/19 15:54,0,69759,14527.593516514064,0.20825403914210444,7027.506899133079,4121,65638,965,153,53281,9295,2052,214,19,4,71,71,13,12968,1561,5,1,2,5,1710,0,1,31,2,1,15,5,15,7,63222,12968,1561
25110001,139,3,2025/12/19 16:00,0,70141,15074.2779171589,0.2149139293303332,3543.7997429579586,3910,66231,1086,191,47866,11736,2956,297,15,1,40,41,10,13526,1553,3,3,1,3,3921,0,1,29,2,1,11,4,11,7,56181,13526,1553
25110001,162,4,2025/12/19 16:02,0,27589,5258.295765258429,0.19059392385582766,1548.9824087894142,4539,23050,584,273,17503,7403,672,334,8,1,23,26,6,5936,1034,2,2,1,1,9168,0,0,0,0,0,6,2,6,4,12597,5936,1034
25110001,191,4,2025/12/19 15:56,0,23166,8380.716263916856,0.36176794716035815,3771.8503663035453,4254,18912,372,73,12352,4543,910,254,10,1,27,26,7,6225,1410,2,2,1,2,3279,0,1,0,0,0,7,2,7,4,14717,6225,1410
25110001,305,4,2025/12/19 16:07,0,11988,5041.648242622793,0.4205579114633628,1227.121974019474,3612,8376,319,70,3949,834,648,364,7,0,14,16,6,1245,1026,1,1,1,3,1846,0,0,0,0,0,6,1,6,6,5722,1245,1026
25110001,308,2,2025/12/19 16:05,0,125070,18059.835253633748,0.14439781925028983,5886.912622922904,8769,116301,1102,108,99984,21511,1452,312,23,4,79,78,18,23633,1680,6,1,1,10,1920,2,0,43,2,2,18,5,18,7,113411,23633,1680
25110001,309,4,2025/12/19 16:05,0,24681,7705.834719998292,0.31221728130944015,2997.074366500178,2091,22590,397,93,13767,4243,978,395,8,0,25,23,7,5018,1387,1,1,1,4,4733,0,0,2,1,0,7,1,7,7,14445,5018,1387
25110001,314,4,2025/12/19 16:04,0,12772,3686.029582304071,0.2886023788211769,615.6740580648001,1989,10783,437,157,4031,943,750,253,7,0,19,15,6,1441,893,1,1,1,3,1783,0,0,0,0,0,6,1,6,6,5634,1441,893
25110001,328,4,2025/12/19 16:04,0,25882,10092.943092719534,0.3899599371269428,7339.673977954585,5572,20310,334,90,11607,3810,1284,229,11,0,45,37,7,5753,1185,1,1,1,4,4317,1,2,0,0,0,8,1,8,8,13327,5753,1185
25110001,333,4,2025/12/19 16:03,0,48267,8291.770775116738,0.17178964458360244,2572.52918156702,9539,38728,2088,1592,32028,8265,734,261,12,1,29,40,9,9361,724,3,2,2,2,9205,0,0,15,2,0,9,3,9,5,28433,9361,724
25110001,344,4,2025/12/19 16:02,0,21662,6067.780258571338,0.28011172830631237,1618.8747594056556,7319,14343,251,110,8681,4316,862,476,7,0,17,17,6,1782,1254,1,1,1,3,5838,0,0,11,1,0,6,1,6,6,7631,1782,1254
25110001,386,3,2025/12/19 15:59,0,45931,10598.608965559664,0.2307506687326569,3961.0500994559325,3289,42642,1250,154,26911,4705,1999,278,19,0,43,57,8,9546,992,2,2,1,3,3847,3,1,32,2,1,11,2,11,10,37377,9546,992
25110001,388,3,2025/12/19 15:58,0,38932,7820.6111344306555,0.2008787407384839,2425.7972093632425,6724,32208,578,103,23532,11975,846,342,10,0,26,29,9,12821,1250,1,1,1,6,3240,0,0,11,1,0,9,1,9,9,27138,12821,1250
25110001,391,4,2025/12/19 15:58,0,30107,7545.493105546764,0.250622549757424,2183.3962145965197,5168,24939,971,276,18761,11187,752,285,10,0,26,32,8,11939,968,1,1,1,5,1687,0,0,0,0,0,8,1,8,8,22433,11939,968
25110001,394,3,2025/12/19 15:57,0,49066,7987.004283966935,0.1627808316138861,2240.761369512092,13952,35114,3119,1834,24415,6214,1335,494,10,0,32,24,8,6341,1068,1,1,1,5,10242,0,1,13,1,0,8,1,8,8,21669,6341,1068
25110001,399,4,2025/12/19 15:56,0,31320,10575.992114457404,0.3376753548677332,4883.683483491999,4389,26931,815,126,14376,2401,3456,446,13,0,40,29,12,5857,968,1,1,1,9,2450,0,0,0,0,0,12,1,12,12,23720,5857,968
25110002,4,4,2025/12/22 13:41,0,82737,12579.614883808952,0.15204340118458431,6726.970677343859,11377,71360,4991,3083,48427,10846,3484,370,15,0,53,41,7,17395,1299,1,2,1,3,11821,3,0,24,1,2,11,1,11,11,52089,17395,1299
25110002,13,3,2025/12/22 13:44,0,83280,13067.665176022738,0.15691240605214624,5787.412570464681,4856,78424,2287,800,66207,17493,1439,468,13,1,53,49,8,16686,1850,1,2,1,4,28782,3,0,19,1,1,10,2,10,9,47014,16686,1850
25110002,19,3,2025/12/22 13:48,0,52924,10246.033834108592,0.19359900676646874,6032.696291778602,3490,49434,765,177,37496,19533,1649,345,10,0,48,30,6,20558,1964,0,1,1,4,8475,3,0,14,1,0,10,1,10,10,38895,20558,1964
25110002,21,4,2025/12/22 13:48,0,19667,5086.536384410382,0.2586330596639234,1514.5343523940378,3493,16174,540,145,6694,1304,1737,525,8,0,23,17,5,2742,1353,1,1,1,2,2246,2,0,0,0,0,6,1,6,6,8784,2742,1353
25110002,26,3,2025/12/22 13:46,0,63771,12521.654768030654,0.19635343287749374,4146.631576307511,3924,59847,1181,335,21433,5948,16756,565,12,0,45,38,10,19369,1676,1,1,1,7,3780,0,0,21,1,0,11,1,11,11,52352,19369,1676
25110002,30,4,2025/12/22 13:46,0,30829,7514.695304547226,0.24375410504872771,2365.116898583366,2522,28307,750,171,14623,3141,2926,655,10,0,27,25,7,4507,2060,1,1,1,4,5619,2,0,0,0,0,8,1,8,8,17810,4507,2060
25110002,34,2,2025/12/22 13:49,0,219306,29373.80043476289,0.13393979387140748,6956.864185803314,6945,212361,6659,2712,161156,40758,8771,579,28,8,98,79,20,60213,2332,5,2,2,11,3682,4,1,89,3,3,27,6,27,10,207154,60213,2332
25110002,36,3,2025/12/22 13:53,0,59142,9609.605707582024,0.16248361076023848,3068.0504757511335,4389,54753,1747,823,39008,15380,4153,358,13,2,44,43,7,10339,935,0,1,3,3,32835,5,0,8,1,0,10,2,10,7,20766,10339,935
25110002,44,2,2025/12/22 13:43,0,94953,17175.240825282326,0.18088149742801518,7369.552896372904,11090,83863,1644,475,55215,8950,7165,646,14,1,43,46,9,17553,4333,2,1,1,5,2808,1,0,18,1,0,12,2,12,11,79579,17553,4333
25110002,51,3,2025/12/22 13:54,0,90624,12973.6739132769,0.14315936080151948,3235.7623186114974,3721,86903,1272,196,65958,31577,3235,462,14,2,46,41,10,32532,1420,3,3,1,3,9527,1,0,18,1,0,9,3,9,6,70425,32532,1420
25110002,53,3,2025/12/22 13:56,0,33449,8983.151453757153,0.26856263128216545,3393.2577036467965,5736,27713,449,154,14298,4091,1956,510,12,1,28,40,9,6499,1375,2,1,1,5,3246,2,0,17,1,0,10,2,10,9,23245,6499,1375
25110002,58,3,2025/12/22 13:56,0,137965,16374.461592328915,0.11868562021040782,8100.595225787298,3550,134415,1511,468,103241,80224,14152,387,14,2,55,52,6,32817,1891,1,2,0,3,83471,3,0,23,2,0,8,3,8,5,50051,32817,1891
25110002,63,3,2025/12/22 13:59,0,29662,6531.906790002607,0.22021127334645696,2550.5402451435316,9018,20644,232,129,9154,4502,1616,452,6,0,24,22,5,5940,1518,0,1,1,3,2783,1,0,7,1,0,6,1,6,6,12722,5940,1518
25110002,67,4,2025/12/22 13:59,0,33529,8527.944433999051,0.25434532595660625,2428.3669781259505,8452,25077,811,617,10972,4126,2884,263,8,1,27,28,5,6323,1649,2,2,1,0,2329,2,0,0,0,0,5,2,5,3,16359,6323,1649
25110002,69,4,2025/12/22 14:00,0,49432,9263.84958042985,0.18740592289265762,8404.815011184359,4074,45358,4870,3274,34903,22406,1342,627,9,0,41,37,7,23183,1754,2,2,1,2,4483,0,0,0,0,0,7,2,7,5,38646,23183,1754
25110002,70,3,2025/12/22 14:01,0,44183,9808.624809401192,0.22199997305301114,4669.634014735804,15446,28737,869,152,19827,11574,1333,468,10,1,31,30,8,12907,1470,2,2,1,3,2300,0,0,5,1,0,8,2,8,6,25486,12907,1470
25110002,79,4,2025/12/22 14:02,0,39019,7791.975785035697,0.19969696263450362,2600.820791398173,3758,35261,542,138,26139,9750,1577,467,10,0,28,21,7,6184,1593,1,1,1,4,11024,2,0,0,0,0,9,1,9,9,23499,6184,1593
25110002,104,3,2025/12/22 14:03,0,33200,6599.926192946458,0.19879295761886923,3075.976815110064,7309,25891,1254,459,16323,6257,1904,415,8,0,31,22,5,7662,1415,1,1,1,2,12522,0,0,5,1,0,5,1,5,5,12467,7662,1415
25110002,110,2,2025/12/22 14:12,0,82723,12588.94120669423,0.15218187452938398,3932.994768301348,10180,72543,1546,414,53802,13981,3897,549,12,1,41,40,6,27250,1754,2,4,0,0,14275,2,0,28,3,0,6,3,6,2,55382,27250,1754
25110002,138,2,2025/12/22 14:14,0,43127,6541.088068789595,0.1516703705054744,1998.382765285637,2455,40672,840,387,27161,9849,6508,363,9,0,30,22,6,13223,2978,1,1,1,3,3063,2,0,13,1,0,8,1,8,8,36625,13223,2978
25110002,174,2,2025/12/22 14:03,0,53955,6504.256794182875,0.12054965794055926,1957.8930184165347,7306,46649,799,299,28964,8769,8357,683,9,0,20,20,7,10245,1696,2,0,0,5,2517,0,0,17,2,1,8,2,8,7,43183,10245,1696
25110002,176,3,2025/12/22 14:04,0,48608,7934.786352998188,0.16324033807188504,2928.001290312861,2725,45883,1964,450,30010,7520,2131,613,10,0,27,28,9,9319,1503,1,1,1,6,8228,0,0,14,1,0,10,1,10,10,35877,9319,1503
25110002,199,4,2025/12/22 14:05,0,44055,9397.012003341602,0.21330182733722852,2972.423496027672,3018,41037,1167,331,25177,9454,2416,323,12,0,38,32,11,10318,1495,1,1,1,8,1708,0,0,15,1,4,14,1,14,14,33510,10318,1495
25110002,301,4,2025/12/22 14:19,0,25381,6301.84084680268,0.24828969886145857,3150.92042340134,3718,21663,817,163,11798,4700,2309,343,11,0,29,34,6,6730,986,1,0,1,4,8724,1,0,0,0,0,7,1,7,7,12187,6730,986
25110002,307,4,2025/12/22 14:19,0,32026,6934.077550242657,0.21651400581535804,3182.6518029172767,10387,21639,757,252,13401,3513,1344,338,9,0,27,18,6,3668,1203,2,2,2,0,7937,0,0,7,1,0,6,2,6,3,11549,3668,1203
25110002,319,2,2025/12/22 14:15,0,238912,22028.357722743374,0.092202809916385,20037.895073896027,2872,236040,8423,2445,205613,94915,3612,263,28,1,85,92,20,95974,1462,2,2,3,13,4370,0,2,59,2,4,35,2,35,30,230795,95974,1462
25110002,350,4,2025/12/22 14:12,0,32405,6089.564951153627,0.18792053544680223,2746.8521174511125,7584,24821,589,122,12049,5004,5372,370,7,0,29,23,5,8051,1486,1,0,1,3,1890,1,0,5,1,0,6,1,6,6,20449,8051,1486
25110002,361,3,2025/12/22 14:09,0,163373,32501.57011337647,0.19894089055949557,25801.207031047496,12804,150569,2841,313,114019,39827,1686,265,29,0,97,100,20,40452,1106,1,1,1,17,7195,3,3,57,2,0,26,2,26,26,132466,40452,1106
25110002,385,3,2025/12/22 14:06,0,130205,18691.658770603823,0.14355561438196554,4668.691530292034,9399,120806,1586,168,104032,29471,2625,449,19,3,64,58,15,30326,1330,2,3,2,8,3497,1,0,42,2,0,16,3,16,11,116538,30326,1330
25110002,390,4,2025/12/22 14:06,0,26805,7575.676769898924,0.28262177839578156,2337.467632447791,5813,20992,774,228,12908,3969,1025,429,10,0,28,36,8,8668,1247,1,1,1,5,1914,0,0,0,0,0,8,1,8,8,18296,8668,1247
25110003,5,3,2025/12/19 14:03,0,83615,15393.859272643458,0.1841040396178133,14048.157592769972,6921,76694,2838,371,33938,4720,8584,328,25,0,68,53,12,23585,1009,4,2,2,4,10112,2,0,44,2,0,16,5,16,8,61896,23585,1009
25110003,17,3,2025/12/19 14:05,0,89454,16699.439903541548,0.18668186893310024,5477.769849452426,2961,86493,3468,479,46339,12128,5489,464,23,0,52,60,15,25272,1065,4,3,1,7,6734,1,0,51,2,2,17,4,17,10,78530,25272,1065
25110003,18,4,2025/12/19 14:09,0,43424,8235.620623918561,0.18965596499443996,3770.0329292529823,2057,41367,1650,256,14184,3097,13178,647,13,2,37,33,8,14561,1920,2,2,0,4,1960,3,0,23,2,0,9,3,9,6,36465,14561,1920
25110003,22,4,2025/12/19 14:08,0,11490,4294.043230082113,0.3737200374309933,1960.3302721180871,2330,9160,582,119,3671,751,794,571,7,0,14,18,5,2224,1274,1,0,1,3,1857,1,0,0,0,0,6,1,6,6,6524,2224,1274
25110003,27,4,2025/12/19 14:08,0,20591,5797.651262977588,0.2815623943945213,1184.881446531601,4603,15988,711,196,5760,1305,1528,633,8,0,23,15,6,3305,1592,2,1,1,2,3941,0,0,11,1,0,7,2,7,5,10553,3305,1592
25110003,28,3,2025/12/19 14:06,0,65288,9750.884416693705,0.14935186277254173,1873.5618364549875,4331,60957,2731,745,37428,12634,4462,625,12,2,41,27,7,19489,1903,3,1,1,2,7799,3,0,21,2,1,7,3,7,5,51030,19489,1903
25110003,39,4,2025/12/19 14:10,0,29376,7194.258412961618,0.24490258758720104,1592.3696032322375,3009,26367,1202,378,17945,7440,1249,482,8,0,24,23,6,5248,985,1,1,1,3,11783,0,0,9,1,0,6,1,6,6,13698,5248,985
25110003,52,3,2025/12/19 14:10,0,53008,11466.930076537265,0.21632451849791096,3600.715096652222,2570,50438,2736,737,22212,5166,7789,614,15,0,43,32,8,10432,1616,1,3,0,4,4167,2,0,17,1,0,11,2,11,9,41090,10432,1616
25110003,57,2,2025/12/19 14:11,0,49920,8780.757553936708,0.1758965856157193,2792.015050293326,2873,47047,2613,762,29093,7577,2058,602,15,0,30,33,9,12905,1023,3,0,1,5,3351,2,0,24,1,0,10,3,10,8,40515,12905,1023
25110003,61,3,2025/12/19 14:12,0,35860,7999.11600981346,0.22306514249340378,1343.346119607524,2862,32998,1150,153,15551,4465,1894,721,11,1,19,26,7,4241,1623,1,1,1,4,13287,1,0,15,1,0,8,2,8,7,16400,4241,1623
25110003,65,4,2025/12/19 15:38,0,25513,6688.357375315234,0.2621548769378448,2985.302829307866,5769,19744,1121,164,10420,3401,1681,530,9,0,26,20,8,4600,1024,1,1,1,5,3184,0,0,15,1,0,8,1,8,8,15922,4600,1024
25110003,68,4,2025/12/19 14:14,0,21900,5938.757828298346,0.27117615654330346,1894.7442070150864,1845,20055,1224,322,10520,3311,1561,718,9,0,27,18,6,4280,1520,1,1,1,3,6233,1,0,7,1,0,7,2,7,6,12792,4280,1520
25110003,74,3,2025/12/19 14:15,0,59099,10278.512325574797,0.17392024104595336,3387.91042602312,3955,55144,1932,336,35733,7567,2450,512,17,0,49,33,10,15961,1096,2,1,2,5,3193,2,0,25,1,0,15,2,15,12,50457,15961,1096
25110003,99,4,2025/12/19 14:16,0,19978,4941.92186944693,0.24736819849068625,1376.918331236706,3861,16117,822,206,7233,2608,1816,586,8,0,20,21,7,4074,1088,1,1,1,4,3653,0,0,13,1,0,7,1,7,7,11802,4074,1088
25110003,105,3,2025/12/19 14:17,0,47356,7899.756404526272,0.16681637816805203,1376.855909860393,2660,44696,2175,819,22429,5240,3344,376,12,0,42,26,9,7224,1383,2,2,4,1,5672,0,0,26,2,2,11,2,11,7,29850,7224,1383
25110003,139,4,2025/12/19 14:31,0,47857,9180.090307854129,0.19182335515920615,2953.8300052847735,3257,44600,2970,408,23798,8930,3519,345,14,0,35,29,12,8360,415,1,1,2,8,11568,0,1,17,1,2,13,1,13,13,32323,8360,415
25110003,162,4,2025/12/19 14:33,0,15844,4526.121050713843,0.2856678269826965,2050.782610161128,2686,13158,617,150,5207,1152,1385,680,7,0,18,12,6,2537,1584,1,1,1,3,2383,0,0,9,1,0,6,1,6,6,9729,2537,1584
25110003,191,4,2025/12/19 14:18,0,18581,6053.5871460252,0.3257944753256122,2269.4724162181483,4198,14383,798,120,5220,888,1535,768,8,0,18,17,5,1569,1439,0,1,1,3,4952,2,0,5,1,0,6,1,6,6,6025,1569,1439
25110003,305,4,2025/12/19 14:39,0,21317,4798.976038634327,0.22512436265113886,240.2612098757575,1990,19327,780,134,12001,7313,1881,674,7,0,17,15,5,8271,1201,0,1,1,3,5648,1,0,0,0,0,6,1,6,6,12912,8271,1201
25110003,308,2,2025/12/19 14:37,0,85198,18107.557219747952,0.2125350034008774,5903.164268806973,2638,82560,3795,256,48774,8182,5892,483,27,6,79,63,20,9152,928,10,1,1,8,10361,1,0,58,3,1,19,5,19,12,70931,9152,928
25110003,309,3,2025/12/19 14:36,0,74970,17133.415710198937,0.22853695758568676,5490.250879067132,2970,72000,2850,608,45762,14615,4082,496,22,0,72,51,12,24840,1208,2,0,2,8,3392,3,0,20,1,1,21,3,21,19,67018,24840,1208
25110003,314,4,2025/12/19 14:35,0,17092,4419.065007286213,0.2585458113319806,351.81767832703224,2294,14798,787,207,5919,1271,1105,849,7,0,23,16,6,2264,1785,1,1,1,3,3055,0,0,0,0,0,6,1,6,6,9609,2264,1785
25110003,328,4,2025/12/19 14:34,0,30213,5573.987171054005,0.1844896955302024,1332.807077049229,2630,27583,2248,455,13835,4418,4777,632,10,0,23,23,8,7785,1255,1,1,1,5,2519,0,0,9,1,0,8,1,8,8,23986,7785,1255
25110003,333,3,2025/12/19 14:33,0,41026,7330.1733685574,0.1786714124837274,3436.7528531179037,3111,37915,1451,145,22952,6551,1721,570,13,0,33,27,10,8672,1080,2,1,1,6,3041,0,0,23,1,0,11,2,11,10,32841,8672,1080
25110003,344,3,2025/12/19 14:32,0,28584,4777.659945674794,0.16714455449464014,289.3580371954912,2185,26399,693,168,18836,11354,1432,675,7,0,19,15,6,12113,1216,1,1,1,3,5775,0,0,5,1,0,6,1,6,6,19769,12113,1216
25110003,386,4,2025/12/19 14:31,0,39638,5017.912835382403,0.1265934919870428,2226.562935755345,2247,37391,2498,1234,15589,7520,5105,854,9,0,21,18,8,9270,1905,1,1,1,5,4424,0,0,13,1,0,8,1,8,8,30170,9270,1905
25110003,388,4,2025/12/19 14:30,0,31804,6596.435812639653,0.20740899926549028,1729.035239834294,3124,28680,1039,167,15714,5290,1922,794,10,0,21,23,8,5032,1519,1,1,1,5,8169,1,0,15,1,0,8,1,8,8,17161,5032,1519
25110003,391,4,2025/12/19 14:28,0,36144,7133.6003433789165,0.19736610069109442,2797.2220156991284,2192,33952,2041,881,21165,9153,1289,504,12,1,32,31,8,11920,1279,1,1,1,5,2920,1,1,0,0,0,8,1,8,8,28258,11920,1279
25110003,394,4,2025/12/19 15:37,0,50524,9300.576160769573,0.18408234028916107,2850.9967140365716,3734,46790,1976,552,27109,11118,4816,121,10,0,37,29,7,8879,2114,1,1,1,4,18310,1,1,7,1,0,8,1,8,8,24211,8879,2114
25110003,399,4,2025/12/19 14:26,0,32638,8954.76560600625,0.2743662481158849,2911.098695466921,1696,30942,1030,136,17832,5237,1474,608,13,0,34,26,11,5001,1209,1,1,1,8,8254,2,0,21,1,0,12,1,12,12,21901,5001,1209
25110004,5,2,2025/12/22 13:03,0,251406,31153.251791386807,0.12391610300226251,7051.5423686186305,35542,215864,3261,892,161536,21675,8748,145,45,1,121,131,17,43154,1149,9,1,3,4,19734,5,0,94,2,5,25,9,25,10,194745,43154,1149
25110004,17,4,2025/12/22 13:08,0,102168,13750.733832660866,0.13458943928295422,3123.4657999607925,29032,73136,5511,1837,52895,13242,3879,300,16,0,53,44,10,14498,1372,1,2,1,6,1629,1,1,29,1,2,12,1,12,12,70489,14498,1372
25110004,18,4,2025/12/22 13:12,0,67826,12826.757323121636,0.18911269016485766,3176.6387236107416,3370,64456,643,109,49664,25451,1072,258,17,3,69,56,13,26967,982,2,1,1,9,5161,2,0,16,2,2,21,3,21,15,55187,26967,982
25110004,22,4,2025/12/22 13:11,0,15038,3937.00562334464,0.26180380524967684,904.1650643257402,3652,11386,522,185,4482,1079,2022,295,7,0,20,20,5,3101,1170,1,0,1,3,1471,1,0,0,0,0,6,1,6,6,7885,3101,1170
25110004,27,4,2025/12/22 13:11,0,39714,7327.531784220728,0.18450752339781257,2204.6113907378412,6547,33167,1378,431,19010,4656,2071,453,12,0,35,31,8,9271,1680,1,2,2,3,1852,0,1,17,1,2,10,1,10,10,27888,9271,1680
25110004,28,4,2025/12/22 13:09,0,58933,7493.086754247975,0.1271458563834859,1563.9804487373299,10002,48931,1267,721,32250,7791,3826,255,11,1,26,29,5,18655,1113,2,0,1,2,22838,2,1,20,2,0,7,2,7,5,25299,18655,1113
25110004,39,4,2025/12/22 13:13,0,30010,5023.079043747659,0.16738017473334418,711.244446786152,12098,17912,539,261,8585,3146,1038,458,7,0,24,17,5,4094,1416,1,1,1,2,1577,1,0,2,1,0,6,1,6,6,11881,4094,1416
25110004,52,2,2025/12/22 13:14,0,127463,12573.666918593253,0.09864562201260957,2594.8439181869844,7819,119644,1053,143,88871,16078,12986,437,15,0,44,33,10,35567,1419,1,1,1,7,3646,1,2,16,1,0,11,2,11,10,115198,35567,1419
25110004,57,4,2025/12/22 13:16,0,59499,8717.31122310575,0.14651189470589002,2084.5821393231017,10943,48556,2856,1793,33694,13034,2635,323,11,1,46,33,7,15669,1157,2,1,0,4,4472,2,0,27,2,0,9,2,9,7,37562,15669,1157
25110004,61,4,2025/12/22 13:17,0,38835,7918.695792706626,0.2039061617794934,2031.6863959658758,7000,31835,1118,468,18986,6877,5419,274,10,1,25,23,8,8633,796,2,3,2,1,2067,0,0,7,1,0,7,2,7,4,28316,8633,796
25110004,65,2,2025/12/22 13:18,0,102218,14200.89727699422,0.13892755950022714,7281.578930379466,18685,83533,3860,2896,87836,25440,5725,317,18,3,64,49,12,27406,1148,5,3,2,2,1403,2,0,34,2,3,15,4,15,5,80526,27406,1148
25110004,68,4,2025/12/22 13:20,0,27858,5370.725036977999,0.19278932575841765,965.6613904353998,6135,21723,2415,2130,10340,3170,656,413,9,0,23,16,8,3796,1282,1,1,1,5,4292,0,0,0,0,0,8,1,8,8,13165,3796,1282
25110004,74,4,2025/12/22 13:20,0,42693,8366.444132745723,0.19596758561697988,833.2445696890018,6962,35731,2431,1844,25683,4835,2192,227,11,1,33,32,8,7830,1179,1,1,2,4,1425,1,0,15,1,0,9,1,9,9,27954,7830,1179
25110004,99,2,2025/12/22 13:21,0,86519,7345.05408349876,0.08489527252393994,1723.3493467792016,28647,57872,777,181,27316,13336,1493,541,9,0,26,21,7,16449,1058,1,1,1,4,3082,0,0,9,1,0,7,1,7,7,31564,16449,1058
25110004,105,4,2025/12/22 13:23,0,37105,8153.541249825015,0.2197423864661101,2542.2675382797383,6998,30107,1610,603,22505,6179,1008,241,10,0,33,24,8,7187,1461,1,1,1,5,1404,0,1,11,1,0,8,1,8,8,27414,7187,1461
25110004,139,4,2025/12/22 13:32,0,116471,14268.721446324324,0.12250879142725934,2233.760922934899,28943,87528,2216,278,48587,10637,14714,436,16,1,49,46,13,19495,1039,2,2,2,7,2360,0,1,40,2,2,15,2,15,8,83979,19495,1039
25110004,162,2,2025/12/22 13:34,0,24541,4152.775254297019,0.1692178498959708,763.0534711103842,5398,19143,274,82,11893,7162,2056,333,7,0,23,18,5,9218,1087,1,1,1,2,1465,1,0,7,1,0,5,1,5,5,14131,9218,1087
25110004,191,4,2025/12/22 13:24,0,50087,7623.385753409334,0.15220288205341373,1156.7122141512903,4537,45550,814,181,35735,11946,1288,360,12,2,32,23,7,13758,2133,4,1,0,2,1583,1,0,1,1,0,8,4,8,3,42110,13758,2133
25110004,305,3,2025/12/22 13:40,0,27937,4587.907504121081,0.16422334195228838,282.813874757893,5413,22524,1764,846,8873,2194,4293,256,9,0,23,17,7,5454,1095,1,1,1,4,1292,0,1,6,1,1,8,1,8,8,16666,5454,1095
25110004,308,2,2025/12/22 13:38,0,133420,14264.483620351568,0.10691413296620872,2187.1811635187446,28686,104734,2470,561,77639,15614,6178,264,21,1,59,47,14,21572,1350,2,1,1,10,13659,0,3,23,1,0,16,2,16,15,89620,21572,1350
25110004,309,4,2025/12/22 13:38,0,18392,4744.925723660133,0.2579885669671669,1296.9017892392865,4021,14371,532,126,8810,3509,887,403,8,0,15,19,5,4211,940,1,1,0,3,1591,2,0,11,1,0,6,1,6,6,10999,4211,940
25110004,314,4,2025/12/22 13:37,0,23514,4439.3817075812185,0.18879738485928463,751.8240849339594,2679,20835,3169,2819,12560,3465,752,233,9,0,20,19,8,3120,1006,1,1,1,5,4450,0,0,4,1,0,10,1,10,10,12312,3120,1006
25110004,328,4,2025/12/22 13:37,0,22345,6136.046811487754,0.27460491436508183,1703.2766782476056,5586,16759,2864,2497,10880,3560,669,241,10,0,29,24,8,4019,1123,1,1,1,5,1809,0,0,2,1,0,8,1,8,8,14050,4019,1123
25110004,333,2,2025/12/22 13:35,0,84581,9504.293868233977,0.11236913571882547,3206.9315850698604,37105,47476,9707,7358,20786,6164,9924,137,14,1,34,32,8,14131,1127,2,1,1,4,2340,2,0,32,2,0,9,2,9,8,44106,14131,1127
25110004,344,4,2025/12/22 13:34,0,21010,5197.159182025794,0.24736597725015677,648.4728177458923,7795,13215,910,695,7581,1814,706,474,8,0,19,19,5,2520,1315,1,1,1,2,4349,1,1,11,1,0,5,1,5,5,6871,2520,1315
25110004,386,2,2025/12/22 13:31,0,56635,7522.698358961331,0.13282772771186246,2102.9064257648165,3355,53280,3871,2922,43733,9959,2931,87,13,0,31,28,8,10846,1824,1,1,0,6,4322,1,0,15,1,2,12,1,12,12,42986,10846,1824
25110004,388,2,2025/12/22 13:29,0,57170,8154.852532839984,0.1426421642966588,1653.6891537653244,7832,49338,1147,316,35526,10109,1212,450,10,0,41,22,7,20557,1561,1,0,1,5,1366,2,0,17,1,0,9,1,9,9,42468,20557,1561
25110004,391,2,2025/12/22 13:28,0,84521,11256.129545654476,0.13317553679741692,4676.393979214122,8474,76047,1659,579,59141,23150,2726,47,20,7,56,49,17,25876,194,8,1,0,8,1284,3,0,26,2,2,14,3,14,10,70294,25876,194
25110004,394,2,2025/12/22 13:27,0,39736,7993.292706296053,0.20115997348238507,4332.3455782934825,9900,29836,725,121,22146,12516,875,362,11,1,34,28,7,16238,1030,1,1,1,4,3293,1,1,17,2,2,9,2,9,5,24995,16238,1030
25110004,399,4,2025/12/22 13:25,0,121840,22805.890820796063,0.1871790119894621,7941.1245616302,1169,120671,6833,3206,99132,30290,1022,209,18,5,73,66,13,30848,705,2,2,1,8,13891,3,1,4,1,1,15,3,15,9,95127,30848,705
25110005,4,2,2025/12/18 11:06,0,73987,9105.50452180006,0.12306897862867881,6116.755326446767,3233,70754,3353,1686,41645,14207,5887,436,15,1,38,40,11,17591,1120,1,1,1,8,7261,0,3,25,1,2,16,1,16,16,61277,17591,1120
25110005,13,4,2025/12/18 11:15,0,51595,9703.164362987629,0.18806404424823392,5347.132899856545,5528,46067,4331,3149,20010,5704,4003,104,13,1,38,39,11,9076,1144,2,1,1,7,5715,0,0,22,1,2,13,2,13,12,27184,9076,1144
25110005,19,3,2025/12/18 11:24,0,25086,5403.0189814560235,0.21537985256541592,778.1452669748373,1765,23321,950,237,9673,3538,2563,727,8,0,23,20,7,5463,1351,1,1,1,4,2422,0,0,1,1,0,7,1,7,7,17088,5463,1351
25110005,21,4,2025/12/18 11:20,0,20110,4638.799549551948,0.2306712854078542,2638.090883609779,4544,15566,833,233,7947,2152,940,498,9,0,26,24,7,3092,1287,1,1,1,4,3806,0,0,0,0,0,7,1,7,7,10645,3092,1287
25110005,26,4,2025/12/18 11:19,0,46468,7805.785965325127,0.16798196533797727,3354.73125441167,1997,44471,2243,674,25084,10159,5163,509,12,2,36,37,10,10735,1147,2,2,1,5,3049,1,0,22,2,1,12,2,12,10,36651,10735,1147
25110005,30,3,2025/12/18 11:17,0,118567,7692.0249698212,0.06487492278476473,1950.4610685861455,6448,112119,8030,4775,70298,26458,9165,314,15,0,37,35,13,28529,1159,1,1,1,10,18517,0,1,17,1,6,17,1,17,17,90877,28529,1159
25110005,34,2,2025/12/18 11:24,0,113645,16301.0168569267,0.1434380470493792,5768.561661368629,12126,101519,1918,206,63204,12633,3913,506,19,5,64,48,13,30758,1707,5,2,2,4,6445,0,0,36,2,1,15,5,15,5,79902,30758,1707
25110005,36,3,2025/12/18 11:27,0,46801,9238.875675371715,0.19740765529308593,8515.948378076127,3044,43757,2870,1956,23315,7976,3621,530,13,1,36,30,11,14753,1562,2,3,2,4,3395,0,0,9,1,0,12,2,12,8,38987,14753,1562
25110005,44,4,2025/12/19 17:37,0,29737,6082.798406861765,0.20455319658545804,2833.0669914765786,6239,23498,992,316,8063,1441,4555,481,11,0,26,17,7,4428,825,1,1,1,4,9620,1,0,0,0,0,7,1,7,7,12380,4428,825
25110005,51,2,2025/12/18 11:27,0,154713,15622.453835859667,0.10097699505445352,4794.111861476695,12052,142661,2867,430,92005,12789,10686,331,21,4,63,56,16,20021,1132,3,2,2,9,28950,0,0,54,3,2,22,3,22,15,103849,20021,1132
25110005,53,2,2025/12/18 11:30,0,190255,16068.879682237046,0.08445969715506581,13854.71208956124,8884,181371,10312,3740,123724,55403,9349,384,31,4,83,72,25,61709,944,6,3,5,11,2553,1,0,44,2,10,38,6,38,15,173523,61709,944
25110005,58,2,2025/12/18 11:35,0,88012,10397.074534901667,0.11813246528770699,9050.994639683819,1652,86360,1368,511,54864,23412,13608,506,11,2,30,31,6,18911,2191,3,0,0,3,46419,1,0,31,2,0,7,4,7,3,37742,18911,2191
25110005,63,4,2025/12/18 11:40,0,21280,4761.188879039387,0.22374007890222683,3302.1068884174033,3178,18102,719,176,7153,2207,3283,396,8,0,19,23,4,6689,816,1,0,0,3,8058,2,0,11,1,0,6,1,6,6,8945,6689,816
25110005,67,4,2025/12/18 11:41,0,21105,4705.677572958717,0.22296505913095083,3591.0777555660397,9841,11264,674,283,3492,1058,1732,468,7,0,19,22,5,2054,1012,1,1,1,2,3835,1,0,0,0,0,6,1,6,6,6296,2054,1012
25110005,69,4,2025/12/18 11:41,0,45437,7649.01115680921,0.16834322593501352,6351.285233605973,3031,42406,2676,1588,26855,12221,2605,302,14,1,43,31,6,17820,1507,2,0,1,3,8904,2,1,0,0,0,8,2,8,7,31662,17820,1507
25110005,70,3,2025/12/18 11:42,0,35863,6123.37961415132,0.17074365262669938,835.7376024446861,8831,27032,4317,2958,7692,1490,3730,503,10,0,32,23,8,4274,965,1,1,1,5,6272,0,0,9,1,0,8,1,8,8,14611,4274,965
25110005,79,4,2025/12/18 11:43,0,54248,7046.733264008332,0.12989848960345696,2954.0222646308657,2521,51727,2575,689,31878,16241,3649,465,11,1,27,27,9,17907,1236,2,2,1,4,5855,0,0,6,1,0,9,2,9,7,43971,17907,1236
25110005,104,3,2025/12/18 11:44,0,31108,5685.815478129723,0.1827766323174014,1844.0461752701556,10132,20976,1997,1560,9551,7030,4016,519,7,0,21,17,6,9272,1424,1,1,1,3,1907,0,0,3,1,0,6,1,6,6,18142,9272,1424
25110005,110,4,2025/12/19 17:38,0,25129,6843.856653787416,0.27234894559224065,6431.834064302472,4367,20762,768,129,11187,2493,1232,480,11,1,29,23,9,2976,910,1,2,1,5,6139,0,0,16,1,0,8,1,8,8,14048,2976,910
25110005,138,3,2025/12/19 17:39,0,24852,6259.81904893196,0.2518839147324948,1211.0976627540483,1943,22909,1642,430,10057,2770,3138,139,11,0,30,25,8,5781,1082,1,1,1,5,3438,1,1,1,1,1,10,1,10,10,18436,5781,1082
25110005,174,3,2025/12/18 11:45,0,55000,6654.425907129253,0.1209895619478046,725.7408388891945,6173,48827,3842,1952,16581,4235,5397,626,9,0,24,30,7,6504,2068,1,1,1,4,10378,0,0,12,1,0,7,1,7,7,22192,6504,2068
25110005,176,4,2025/12/18 11:46,0,38821,7994.394468303771,0.205929637781195,7116.900118753705,1826,36995,2846,1033,13471,7138,4892,486,11,0,32,27,9,12030,1055,1,1,1,6,5750,1,0,18,1,1,12,1,12,12,26790,12030,1055
25110005,199,4,2025/12/18 11:49,0,47471,9241.348063341336,0.19467354939523787,2560.3878202621495,5290,42181,2817,597,26750,9548,2177,316,14,0,45,44,10,11442,1154,2,1,1,6,9547,1,0,22,1,0,13,2,13,10,29977,11442,1154
25110005,301,2,2025/12/18 12:06,0,60447,8521.084691256208,0.14096786757417587,7902.7282096859635,1756,58691,1845,353,34885,8928,3785,178,18,0,33,39,11,7110,2013,2,2,1,6,14927,1,3,22,1,4,14,2,14,13,42376,7110,2013
25110005,307,3,2025/12/18 12:05,0,28895,6663.210383809244,0.23060080926835938,721.9408775479109,2490,26405,706,198,13540,4433,4149,553,11,2,29,24,8,6161,1183,3,2,1,2,8830,0,0,22,2,0,8,3,8,3,16900,6161,1183
25110005,319,4,2025/12/18 12:04,0,35516,5666.020703155701,0.1595343142008025,1034.016914886743,3627,31889,1970,765,16251,5526,4138,678,10,0,19,20,9,6502,1606,1,1,1,6,5568,0,0,12,1,0,10,1,10,10,24978,6502,1606
25110005,350,2,2025/12/18 11:55,0,50758,5892.884772733749,0.11609765500480218,2293.176849891372,5417,45341,743,121,29727,13128,4203,575,10,0,31,24,9,13840,1204,1,1,1,6,3338,0,0,13,1,0,12,1,12,12,40309,13840,1204
25110005,361,2,2025/12/18 11:52,0,145521,26211.90378008597,0.18012454408701128,12894.852523636164,4570,140951,7929,2736,90279,12309,6264,383,30,3,91,92,21,18379,1521,4,2,4,11,3268,1,1,53,2,4,25,4,25,10,130184,18379,1521
25110005,385,2,2025/12/18 11:50,0,84750,14319.048289465476,0.16895632199959265,5729.176364859219,12704,72046,3707,569,35323,7398,5803,375,21,1,50,57,18,9661,1141,2,1,1,14,3293,2,0,31,1,2,22,1,22,22,64084,9661,1141
25110005,390,4,2025/12/18 11:49,0,14194,4890.900885445928,0.3445752349898498,2100.2248360738977,1857,12337,683,121,5840,1982,1335,418,9,0,26,19,6,2635,925,1,1,1,3,2328,2,0,0,0,0,7,1,7,7,7603,2635,925
25110006,5,2,2025/12/23 16:17,0,149370,21451.725870966227,0.14361468749391595,10369.567242282854,13247,136123,3926,1524,77466,12944,10211,108,28,0,102,68,23,15819,1350,3,2,1,17,4156,1,1,51,2,11,40,2,40,37,126466,15819,1350
25110006,17,4,2025/12/23 16:20,0,111850,21654.125052041807,0.19359968754619408,4719.9531419875275,22879,88971,2987,791,51978,6299,7841,235,25,0,112,71,12,13669,1478,3,3,1,5,8532,3,1,25,2,0,19,4,19,10,74648,13669,1478
25110006,18,4,2025/12/23 16:25,0,21933,6669.042374309886,0.3040643037573468,1729.6619433834942,7897,14036,327,71,8198,2017,846,446,9,0,26,25,6,4036,1178,2,2,1,1,1862,1,0,13,2,0,7,2,7,4,11528,4036,1178
25110006,22,4,2025/12/23 16:24,0,37626,7380.353245927469,0.1961503546996085,1739.9369051612014,3933,33693,1001,219,15151,4629,4022,397,11,0,31,35,6,15876,1195,1,0,2,3,5591,1,3,19,1,0,8,1,8,8,23630,15876,1195
25110006,27,4,2025/12/23 16:24,0,28459,7154.762098291257,0.2514059558765683,3322.65633499825,10762,17697,579,102,6344,919,981,406,11,0,38,24,6,5665,962,2,1,1,2,5413,2,0,3,1,0,8,2,8,5,10324,5665,962
25110006,28,2,2025/12/23 16:22,0,109508,17938.48992178508,0.1638098579262253,9832.124900464754,13228,96280,3392,650,40555,13943,10168,420,19,0,81,66,7,20209,1715,0,0,5,2,22741,3,2,30,1,2,14,1,14,14,68813,20209,1715
25110006,39,2,2025/12/23 16:26,0,68846,13640.012131418283,0.19812352397260966,13640.012131418283,23276,45570,618,151,24753,12653,2519,58,12,0,66,45,4,3425,1360,0,1,1,2,28056,4,2,25,2,0,8,3,8,6,7979,3425,1360
25110006,52,2,2025/12/23 16:27,0,75544,14609.997115461236,0.19339718727445246,1137.4243175673769,7112,68432,1203,207,46289,21891,7802,207,12,0,58,38,9,22658,1077,1,1,1,6,13318,1,1,17,1,0,9,1,9,9,43754,22658,1077
25110006,57,2,2025/12/23 16:29,0,112171,15003.123958978478,0.13375225289048398,15003.123958978478,21697,90474,1991,207,57529,17494,5187,135,19,0,86,60,10,15765,860,0,0,1,9,44611,4,0,24,1,2,16,1,16,16,41464,15765,860
25110006,61,2,2025/12/23 16:31,0,92531,18680.426338830075,0.2018828969624242,7676.13098588224,17815,74716,2057,386,50399,14141,8356,182,17,0,89,57,12,12358,964,4,6,1,1,17499,1,0,48,3,2,17,4,17,7,55783,12358,964
25110006,65,2,2025/12/23 16:33,0,79165,13869.570791402559,0.1751982668022808,5357.10068169186,21337,57828,1583,682,32137,7037,6123,376,14,0,71,53,7,16664,1134,1,0,1,5,9867,1,0,17,1,1,9,1,9,9,39276,16664,1134
25110006,68,2,2025/12/23 16:34,0,145348,32845.23023058586,0.22597648561098785,10648.663968215742,16262,129086,3197,385,88764,24738,5366,274,30,4,130,98,18,25777,1026,2,2,4,10,7359,1,2,23,2,4,24,4,24,15,120259,25777,1026
25110006,74,2,2025/12/23 16:37,0,59663,13708.681103049517,0.2297685517498201,3904.256632315079,10128,49535,1032,135,34144,9662,2558,289,16,0,60,44,12,6782,1204,0,1,1,10,13834,2,1,27,1,5,20,1,20,20,34605,6782,1204
25110006,99,2,2025/12/23 16:38,1,34211,8418.846835543238,0.24608596169487118,8418.846835543238,16365,17846,642,170,9194,3064,1741,373,9,0,36,22,2,3943,3943,0,1,0,1,10345,4,0,12,1,0,5,1,5,5,3943,3943,3943
25110006,105,2,2025/12/23 16:39,0,104674,20492.743336635118,0.19577682458523718,20492.743336635118,31495,73179,1655,296,29326,8338,15767,272,20,2,85,59,13,24105,943,3,2,3,5,7848,1,0,38,2,2,15,3,15,8,63803,24105,943
25110006,139,2,2025/12/23 16:48,0,114678,20492.165189919022,0.17869308140985213,6203.242201768627,3662,111016,3121,534,67270,15120,9726,440,21,1,88,71,13,20336,1162,4,2,2,5,18601,2,1,60,2,0,14,4,14,9,91618,20336,1162
25110006,162,2,2025/12/23 16:52,0,36643,8060.577761278918,0.21997592340362193,2448.984574315983,8022,28621,515,108,11412,2741,3271,617,9,0,32,30,6,6292,1156,0,1,1,4,6758,1,1,14,1,0,8,1,8,8,15389,6292,1156
25110006,191,2,2025/12/23 16:41,0,72615,14151.775578335422,0.1948877722004465,3361.7845935339274,16067,56548,1055,199,36653,10084,5382,359,12,1,62,43,7,10770,1484,2,1,3,1,14180,2,1,22,2,0,9,2,9,5,33208,10770,1484
25110006,305,2,2025/12/23 16:58,0,16180,5417.838019077499,0.33484783801467854,1524.492761315789,5856,10324,274,70,5607,2163,812,363,7,0,25,18,5,3945,1158,1,0,1,3,1654,1,0,0,0,0,6,1,6,6,7821,3945,1158
25110006,308,2,2025/12/23 16:56,0,112869,28633.43136380865,0.2536872955710483,17345.391122949295,22638,90231,3210,1098,55220,9448,6099,269,23,3,123,83,13,15258,1462,2,2,1,8,8031,3,2,33,1,0,13,2,13,11,79357,15258,1462
25110006,309,2,2025/12/23 16:55,0,43546,9509.640173002294,0.21838148562444987,4329.366152642104,12039,31507,428,100,14548,4428,8398,506,8,0,46,25,6,11451,1216,0,1,1,4,9878,1,0,12,1,0,7,1,7,7,18466,11451,1216
25110006,314,4,2025/12/23 16:55,0,22104,4523.43116012914,0.20464310351651918,1327.5670147698843,7861,14243,507,103,8510,2647,736,466,8,1,35,20,4,5177,1074,0,1,0,3,5360,3,0,0,0,0,6,1,6,6,7947,5177,1074
25110006,328,4,2025/12/23 16:54,0,55317,12552.231046489629,0.2269145298278943,1911.1374586856612,14511,40806,1180,212,26548,8150,1819,342,14,4,68,50,11,8492,1286,4,1,1,5,2122,2,0,4,1,2,10,2,10,9,35238,8492,1286
25110006,333,2,2025/12/23 16:52,1,76477,11668.716882041528,0.152578119984329,4701.5387037294295,14923,61554,1043,255,18469,4365,22437,428,11,0,58,32,9,24528,1516,1,1,1,6,3970,0,1,19,1,0,10,1,10,10,50074,24528,1516
25110006,344,2,2025/12/23 16:51,0,47117,9183.407049127094,0.19490644669921883,3251.5461375506598,7815,39302,1008,203,25607,6825,1220,332,12,1,47,33,8,9385,1119,1,1,1,5,8584,2,1,19,1,0,11,1,11,11,26764,9385,1119
25110006,386,4,2025/12/23 16:47,0,78761,11190.528071106415,0.14208209737187713,6543.349987341001,9109,69652,1037,236,37983,9719,2150,232,17,0,63,51,13,11088,802,3,1,2,7,4376,0,0,19,1,1,16,3,16,14,48550,11088,802
25110006,388,2,2025/12/23 16:46,0,32796,9330.777886998829,0.2845096318758028,3444.2069122153466,6560,26236,590,116,11380,4400,1134,508,10,0,33,22,7,5406,1002,1,1,1,4,1727,1,0,15,1,0,8,1,8,8,16642,5406,1002
25110006,391,2,2025/12/23 16:45,0,40855,7813.9491286724715,0.19126053429622988,2190.43791308405,12980,27875,966,211,12907,3092,4973,383,10,0,36,27,6,7278,1548,1,0,1,4,4608,2,1,9,1,0,8,1,8,8,18894,7278,1548
25110006,394,2,2025/12/23 16:43,0,112876,14134.405995779125,0.12522064917058653,3328.831086749938,41892,70984,1913,344,43280,12385,8133,395,16,1,74,49,11,15496,1711,4,3,1,3,2445,0,0,46,2,2,12,3,12,10,64865,15496,1711
25110006,399,4,2025/12/23 16:42,0,62480,13461.58956336098,0.21545437841486845,3526.1467034509133,23503,38977,2909,2101,25086,9659,965,471,15,0,59,39,12,10485,1011,1,1,0,10,2067,1,0,17,1,0,14,1,14,14,33417,10485,1011
25110007,4,3,2025/12/19 18:28,0,41960,7180.182258852132,0.1711196915837019,2160.040558939891,5835,36125,1259,306,21735,8100,3627,536,7,0,23,28,1,0,0,0,1,0,0,25495,2,0,4,1,0,2,1,2,2,0,0,0
25110007,13,3,2025/12/19 18:31,0,59570,10065.307698946155,0.16896605168618692,2882.311364575808,7775,51795,1169,189,19127,4960,1750,554,11,1,38,34,8,6112,1400,3,3,1,1,8251,0,0,13,1,0,7,3,7,4,21858,6112,1400
25110007,19,4,2025/12/19 18:37,0,42414,8844.521712488673,0.2085283564975874,4147.288776375023,4200,38214,1360,293,26584,7608,2784,509,9,0,23,22,6,14290,2000,1,1,1,3,3286,0,0,1,1,0,6,1,6,6,33643,14290,2000
25110007,21,4,2025/12/19 18:36,0,34627,6542.156926743926,0.18893224728517996,2441.6508262564485,5597,29030,1006,224,12710,2665,3143,690,9,0,23,24,7,5808,1880,1,0,2,4,5079,0,0,6,1,0,8,1,8,8,18305,5808,1880
25110007,26,2,2025/12/19 18:34,0,63898,11104.869134617646,0.17379055893169812,5066.1198496660345,12422,51476,1060,230,35616,12690,3834,307,11,0,43,40,6,21215,2211,3,2,1,0,5171,1,0,22,2,0,7,3,7,3,45043,21215,2211
25110007,30,2,2025/12/19 18:32,0,136572,20780.713830873225,0.152159401860361,6743.422928859153,6324,130248,5919,785,85236,15092,4646,343,28,12,92,93,22,35303,1609,11,1,1,9,17923,7,1,55,2,11,26,7,26,18,111064,35303,1609
25110007,34,2,2025/12/19 18:37,0,123356,22147.893066611072,0.17954451398076357,7066.987112225655,11652,111704,4596,1982,88688,39391,1937,407,24,5,94,76,20,40241,1384,5,4,7,4,2232,0,0,64,3,4,27,5,27,11,106716,40241,1384
25110007,36,3,2025/12/19 18:40,0,91190,16537.966915895922,0.18135724219646807,5054.415814427794,5833,85357,2252,224,55035,9143,3079,325,21,8,71,85,14,20935,1144,7,3,2,2,12015,4,0,56,3,3,14,6,14,5,66633,20935,1144
25110007,44,3,2025/12/19 18:29,0,65906,12966.242030244963,0.19673841577769796,4029.7121462661407,5195,60711,1277,192,40651,9593,3456,429,13,1,50,42,9,10721,2865,4,1,1,3,10694,1,0,24,2,1,8,3,8,6,46083,10721,2865
25110007,51,2,2025/12/19 18:41,0,67173,11262.024028301952,0.16765700546799983,3231.8357592327934,11005,56168,2128,390,28662,9076,5222,454,13,0,40,35,3,19019,18975,3,0,0,0,4359,1,0,26,2,0,3,3,3,1,37994,19019,18975
25110007,53,3,2025/12/19 18:43,0,42849,9441.36812115515,0.22034045417991435,4037.914956875111,4451,38398,1235,158,18037,3638,8491,414,11,0,33,38,8,10603,1360,1,1,0,6,4895,1,0,19,1,0,9,1,9,9,31170,10603,1360
25110007,58,3,2025/12/19 18:44,0,48939,9861.03098731067,0.2014963727765314,3177.829280743443,3733,45206,1256,208,30199,8932,2405,566,10,0,34,29,5,12273,3120,1,1,0,3,17015,2,0,25,3,0,8,3,8,5,25770,12273,3120
25110007,63,3,2025/12/19 18:45,0,22036,6411.504989234999,0.29095593525299507,2939.2954175036416,2845,19191,911,486,12013,4272,1685,319,7,0,21,18,4,5272,1432,0,0,1,3,9329,1,0,7,1,0,5,1,5,5,8241,5272,1432
25110007,67,3,2025/12/19 18:45,0,36486,11108.145099082301,0.30444951759804584,3081.4190304581493,6047,30439,282,152,17664,6217,1854,385,8,1,26,33,4,8071,1247,1,2,1,0,14121,2,0,0,0,0,5,2,5,3,10886,8071,1247
25110007,69,3,2025/12/19 18:46,0,86204,16400.141889649418,0.1902480382540186,3694.1997585423355,4712,81492,2636,327,49705,6930,4735,446,19,2,65,58,9,18025,1896,6,0,1,2,9660,1,0,16,1,3,10,6,10,4,65283,18025,1896
25110007,70,2,2025/12/19 18:47,0,75849,13314.96528117439,0.17554569316898563,2637.449875603794,3722,72127,3197,679,46057,21343,3861,321,16,2,54,43,9,23729,1192,1,5,0,3,9007,0,0,30,2,0,9,2,9,7,56265,23729,1192
25110007,79,3,2025/12/19 18:49,0,57537,12745.175515611429,0.22151268775937968,5017.168594493487,7243,50294,1617,297,28731,7699,1921,341,13,0,51,42,8,9278,1897,2,2,1,3,5854,1,0,8,1,0,9,3,9,6,36195,9278,1897
25110007,104,2,2025/12/19 18:50,0,34844,8850.3811434297,0.25400014761306683,3128.3403689132124,5478,29366,2249,680,17724,2866,1182,230,13,0,32,38,7,7529,1912,1,1,2,3,4710,1,1,21,1,1,8,1,8,8,22210,7529,1912
25110007,110,2,2025/12/19 18:59,0,39128,8673.4319841554,0.22166816561427624,3450.005195895176,8468,30660,1801,677,17266,4704,2390,434,12,0,29,33,4,7217,1168,1,1,0,2,7388,2,0,17,1,0,5,1,5,5,14154,7217,1168
25110007,138,3,2025/12/19 19:00,0,40347,10137.396732766878,0.25125527877579196,3213.1731916976028,3727,36620,965,170,26431,6791,1320,388,12,1,32,43,8,7672,1232,4,2,0,2,7612,1,0,19,2,0,8,3,8,4,27585,7672,1232
25110007,174,2,2025/12/19 18:51,0,74135,12176.325137369051,0.1642452975972085,3891.8348302879085,10020,64115,2374,440,33760,6419,13607,336,15,1,41,38,4,11001,5360,2,1,1,0,10268,0,0,24,2,0,5,3,5,2,25705,11001,5360
25110007,176,3,2025/12/19 18:52,0,45775,10374.598622376565,0.22664333418627122,4010.960271744829,4770,41005,1378,247,21957,5103,5501,540,12,0,47,33,8,11753,1664,0,1,0,7,5485,1,0,14,1,1,12,1,12,12,33858,11753,1664
25110007,199,3,2025/12/19 18:53,0,30934,8639.37382871811,0.27928408316797404,3460.480278687517,6063,24871,1233,248,14486,3599,2103,369,10,0,30,28,7,5702,1368,1,1,1,4,3354,1,0,8,1,0,8,1,8,8,20247,5702,1368
25110007,301,3,2025/12/19 19:03,0,39585,9987.867751637697,0.25231445627479343,4619.445205067125,7354,32231,3182,1242,17642,4669,1957,444,12,1,41,31,9,6399,2488,2,4,2,1,2198,1,0,7,1,2,12,2,12,6,28299,6399,2488
25110007,307,4,2025/12/19 19:02,0,32739,7337.809928193856,0.22413054547157382,2213.1263217386822,2581,30158,1648,648,16469,3905,3415,333,9,0,29,22,6,8209,1616,2,1,2,1,5750,0,0,5,1,0,6,2,6,3,22386,8209,1616
25110007,319,4,2025/12/19 19:01,0,68893,13509.92655371399,0.19610013432009044,6381.712268305983,6525,62368,1955,210,39385,10207,3750,342,16,2,56,71,13,11095,1385,2,4,2,5,2472,0,0,26,2,3,17,2,17,11,57755,11095,1385
25110007,350,2,2025/12/19 18:58,0,50429,8767.552783843383,0.17385934251806268,3914.0165521967742,8807,41622,1654,271,28982,12253,3077,582,8,1,29,29,4,26066,1648,1,1,0,2,8278,3,0,9,2,0,6,2,6,5,30258,26066,1648
25110007,361,2,2025/12/19 18:57,0,91652,17274.35124488959,0.1884776245459956,6298.189790129276,12772,78880,1382,230,52660,21512,4902,464,12,1,39,55,5,21995,7945,2,1,1,1,12032,2,1,1,1,0,6,3,6,3,61277,21995,7945
25110007,385,3,2025/12/19 18:54,0,112950,23697.9029991,0.20980879149269588,20472.638846515914,8608,104342,5026,1276,70085,10190,3673,447,28,4,98,85,17,22079,1520,3,5,2,7,13471,0,0,26,1,3,16,3,16,7,89020,22079,1520
25110007,390,4,2025/12/19 18:54,0,25774,8909.62163248048,0.3456825340451804,4215.393563658806,5703,20071,1226,398,12133,2761,967,494,9,0,33,26,4,5440,2584,1,1,1,1,1871,4,0,0,0,0,7,1,7,7,11120,5440,2584
25110008,4,4,2025/12/23 11:17,0,27445,5459.727924656821,0.19893342775211592,1396.2458926616857,4806,22639,2642,1550,11155,2210,2819,215,10,0,18,26,1,0,0,0,1,0,0,20797,3,3,11,2,0,4,2,4,2,0,0,0
25110008,13,4,2025/12/23 11:20,0,32328,6325.195172731456,0.19565686626860482,1248.2669083237372,4063,28265,1980,472,13581,3155,3358,232,11,0,23,23,5,6328,3813,3,2,0,0,5038,2,0,11,1,0,5,3,5,2,19665,6328,3813
25110008,19,2,2025/12/23 11:24,0,52357,5525.23844554193,0.10553008089733808,1757.513618097624,2974,49383,3013,1200,28016,7438,4400,227,11,0,26,26,7,16862,2156,1,1,1,4,2059,0,0,18,1,0,7,1,7,7,44172,16862,2156
25110008,21,4,2025/12/23 11:23,0,23181,4570.489722087975,0.19716533894516952,808.1168460285953,6470,16711,1215,228,8856,1822,1129,518,8,0,19,15,7,2912,1503,1,1,1,4,2981,0,0,2,1,0,7,1,7,7,12289,2912,1503
25110008,26,4,2025/12/23 11:22,0,42416,8569.674758106714,0.2020387296799961,2150.559018733779,6245,36171,1083,270,17067,2667,5235,220,14,0,38,35,11,7902,1483,2,3,3,3,2598,0,1,26,2,5,15,2,15,10,31653,7902,1483
25110008,30,2,2025/12/23 11:21,0,79919,11890.74777630366,0.14878499200820405,1814.8056858324876,7901,72018,10644,3830,42294,4257,3510,223,27,0,47,67,18,13870,1248,6,2,2,8,4335,0,1,66,3,5,28,6,28,12,65358,13870,1248
25110008,34,2,2025/12/23 11:25,0,138311,19348.907060510683,0.13989420263399643,5203.428012296929,2991,135320,7264,2200,98709,27370,3165,156,32,4,76,72,25,29399,216,8,4,4,9,8654,1,0,111,3,4,35,5,35,25,125201,29399,216
25110008,36,4,2025/12/23 11:27,0,64279,10959.561445698728,0.17049987469778197,4918.3355239481325,2615,61664,1384,266,38467,4768,2858,482,17,4,39,48,12,8635,1126,5,1,2,4,6926,1,0,10,1,2,13,4,13,6,51841,8635,1126
25110008,44,2,2025/12/23 11:18,0,104625,14492.650405272774,0.1385199560838497,6772.652946130988,3120,101505,10286,4022,73112,7632,2989,222,27,2,59,62,20,16091,1707,3,2,2,13,4996,3,0,66,2,11,34,4,34,24,93701,16091,1707
25110008,51,2,2025/12/23 11:29,0,182229,23269.902032475264,0.1276959322197634,10165.95835581133,3104,179125,5837,1052,143875,32860,3697,218,28,9,77,78,19,33503,1367,6,4,4,5,2926,3,1,11,1,6,22,5,22,11,174756,33503,1367
25110008,53,2,2025/12/23 11:32,0,74969,12332.594193486213,0.1645025836477239,2413.2563150188594,3822,71147,4895,533,41005,5535,3657,150,26,1,57,64,16,11574,1281,5,3,2,6,1766,1,1,24,2,1,20,5,20,9,67012,11574,1281
25110008,58,4,2025/12/23 11:34,0,42436,8129.868242089142,0.1915795136697413,1484.155852739623,2078,40358,1633,447,23504,5115,1371,500,11,0,32,35,6,11624,1801,4,2,0,0,7695,0,0,4,1,0,6,4,6,2,25676,11624,1801
25110008,63,4,2025/12/23 11:35,0,28646,6029.8402673651835,0.2104950173624654,460.5925601493863,3991,24655,1126,461,11907,2196,3237,403,9,0,27,25,7,5446,1327,2,2,1,2,1919,0,0,11,1,1,9,2,9,8,20853,5446,1327
25110008,67,4,2025/12/23 11:35,0,24156,5749.36280562751,0.23800972038530843,259.4739170989286,3223,20933,344,161,12352,2524,1330,519,9,1,18,24,4,5945,3854,3,0,1,0,2785,2,1,0,0,0,4,3,4,2,13971,5945,3854
25110008,69,4,2025/12/23 11:36,0,25493,6467.866113328534,0.2537114546474928,519.3892646114384,3158,22335,924,223,12364,3311,1523,404,9,0,30,17,6,2752,1635,1,2,2,1,9852,1,0,0,0,0,7,2,7,4,11053,2752,1635
25110008,70,3,2025/12/23 11:36,0,45856,8176.230459904187,0.17830230416748488,1518.3677664453176,2893,42963,1741,447,18428,3738,5583,425,13,1,37,33,7,15226,1842,3,2,0,2,6307,1,0,8,1,0,8,3,8,5,31118,15226,1842
25110008,79,3,2025/12/23 11:37,0,72353,9746.398783325012,0.1347062151303334,1828.4891197126603,4175,68178,4144,755,37352,7187,6113,202,14,0,36,57,9,15483,815,5,2,2,0,3549,0,0,18,2,1,10,3,10,4,61906,15483,815
25110008,104,4,2025/12/23 11:39,0,29819,5857.525446034006,0.1964360121410512,2439.2547115294037,5346,24473,1149,202,12119,2355,3509,462,11,0,20,20,6,8653,1100,3,1,1,1,3321,0,0,23,2,0,6,3,6,4,18989,8653,1100
25110008,110,2,2025/12/23 11:49,0,53744,10360.384820203464,0.1927728643235238,1291.0615531874587,3972,49772,4345,3088,19611,5821,7923,388,13,1,32,37,9,10822,1581,2,2,2,3,4503,0,0,21,2,1,10,2,10,6,40575,10822,1581
25110008,138,2,2025/12/23 11:50,0,28944,5128.95823145339,0.17720281341395072,1505.4376140430538,2102,26842,1380,576,15237,3056,2902,410,10,0,20,24,8,3918,1543,0,1,1,6,5349,1,0,15,1,0,10,1,10,10,19132,3918,1543
25110008,174,4,2025/12/23 11:39,0,42491,9006.433518633063,0.21196096864354952,2451.413954596795,4718,37773,3202,889,20456,3408,2250,498,13,0,33,30,7,9856,2255,2,2,3,0,11571,0,0,23,2,0,8,2,8,5,24434,9856,2255
25110008,176,3,2025/12/23 11:40,0,64136,9213.859276128116,0.14366127098865092,2356.4140073821577,4307,59829,1699,367,34690,11090,4742,442,14,0,31,35,9,12541,2269,3,4,2,0,1897,0,0,30,3,2,12,3,12,5,53776,12541,2269
25110008,199,4,2025/12/23 11:42,0,27307,4884.112838799508,0.17885937081332653,1126.452057896431,5075,22232,1039,214,9985,1931,2315,571,9,0,22,25,5,2569,1755,0,0,0,5,10397,3,0,9,1,0,8,1,8,8,8292,2569,1755
25110008,301,4,2025/12/23 11:53,0,30169,6317.534485621227,0.20940483561341863,1903.399144568092,2113,28056,719,204,14368,2366,2554,370,11,0,20,25,9,6183,1741,1,1,1,6,1841,0,0,16,1,0,11,1,11,11,24848,6183,1741
25110008,307,2,2025/12/23 11:52,0,27508,5244.864821071817,0.19066689039813206,1726.2764812384967,2505,25003,774,213,14077,3260,1457,442,10,0,21,27,7,3780,2035,2,2,2,1,5222,0,1,0,0,0,7,2,7,4,17454,3780,2035
25110008,319,4,2025/12/23 11:51,0,51908,9009.572491819788,0.17356809146605126,1697.8463268475377,3720,48188,1264,376,29868,9581,5374,426,13,2,34,29,9,17180,1934,2,1,2,4,6496,0,0,22,2,0,8,2,8,7,40164,17180,1934
25110008,350,2,2025/12/23 11:48,0,48975,8472.131714203722,0.1729889068750122,2267.515998255392,2804,46171,3675,971,27171,4019,1776,402,16,2,36,36,10,13585,1674,4,1,1,4,3867,1,0,22,2,0,9,2,9,8,37751,13585,1674
25110008,361,2,2025/12/23 11:45,0,132776,21776.903412667543,0.16401234720632904,4246.578621519968,15185,117591,2828,460,68588,8922,6547,234,24,2,68,96,21,14162,1835,3,2,3,13,5793,0,0,52,2,2,22,3,22,14,106934,14162,1835
25110008,385,2,2025/12/23 11:43,0,88119,15196.5405186251,0.17245475457761775,2993.3442971973063,2825,85294,2148,321,48919,13449,2223,523,22,1,53,63,16,18126,1185,4,3,3,6,4659,0,0,24,3,1,19,4,19,8,68853,18126,1185
25110008,390,4,2025/12/23 11:42,0,40742,7171.488561003436,0.17602200581717728,3308.2008747763703,4382,36360,3821,2218,26090,5346,1507,219,14,2,27,32,10,9350,456,2,4,1,3,5049,0,1,11,1,1,11,3,11,6,29716,9350,456
25110009,4,4,2025/12/21 12:54,0,27370,5810.326135082633,0.2122881306204835,4207.776835291964,5366,22004,1197,479,8296,3228,1326,518,7,0,17,22,5,6334,1328,1,1,0,3,2526,1,0,9,1,0,6,1,6,6,11698,6334,1328
25110009,13,4,2025/12/21 12:58,0,45025,11216.023033565227,0.24910656376602391,1281.1288611927473,7027,37998,1852,275,21182,5902,1738,556,11,1,33,36,5,4527,2548,0,1,1,3,10789,1,0,15,1,0,5,1,5,5,14630,4527,2548
25110009,19,3,2025/12/21 13:02,0,49136,9223.60048526881,0.1877157376520028,2467.525750806634,3339,45797,4042,1590,30039,8229,1520,94,14,0,36,35,11,16904,1129,1,1,1,8,2181,0,2,15,1,0,15,1,15,15,37687,16904,1129
25110009,21,4,2025/12/21 13:02,0,24042,6750.752949608528,0.2807899904171254,2019.0828528035865,2868,21174,3292,2393,8773,2581,1738,529,9,0,24,24,6,3110,1164,0,1,1,4,8411,1,0,0,0,0,7,1,7,7,10039,3110,1164
25110009,26,4,2025/12/21 13:00,0,65978,12237.243747155806,0.1854746089174544,2652.491752671064,3023,62955,4113,2264,34548,10451,1599,553,10,0,34,39,8,11272,2385,2,2,2,2,2904,0,0,16,1,0,8,2,8,5,42338,11272,2385
25110009,30,3,2025/12/21 12:59,0,62216,9474.885682385926,0.15229017748466514,2024.3255410143706,12678,49538,1324,581,35092,9985,1728,594,11,0,27,31,8,13354,1793,1,1,1,5,4113,1,0,13,1,0,9,1,9,9,40535,13354,1793
25110009,34,2,2025/12/21 13:03,0,499747,36388.9697044712,0.07281478368948928,6726.98574218034,13632,486115,5792,783,439135,185774,16134,397,31,11,143,136,26,186586,1166,4,5,2,15,2753,4,0,73,3,3,34,5,34,16,482000,186586,1166
25110009,36,4,2025/12/21 13:12,0,66620,12426.304838967062,0.18652514018263378,2098.073000574126,4421,62199,2424,307,36875,10753,2651,485,14,0,53,52,11,11704,1084,1,1,1,8,5433,0,0,23,1,0,12,1,12,12,47820,11704,1084
25110009,44,2,2025/12/21 12:54,0,193165,16269.197616258587,0.08422435542804642,5062.1489501499045,5962,187203,5532,1838,156759,84757,1677,538,19,0,46,48,13,88188,1364,1,1,1,10,22495,0,1,27,1,1,18,1,18,18,151191,88188,1364
25110009,51,3,2025/12/21 13:13,0,190621,17737.495790247085,0.09305111079181771,4241.921362686189,16278,174343,6419,896,121012,25146,4078,435,20,4,91,73,17,27019,1256,3,2,1,11,2045,0,1,42,2,1,22,2,22,20,142109,27019,1256
25110009,53,3,2025/12/21 13:17,0,84187,12727.047393143004,0.15117592256694032,3010.5749238372855,5179,79008,6062,3550,51846,11587,5464,369,17,3,60,55,13,15575,1268,2,2,0,9,2125,2,0,36,2,1,20,3,20,10,67366,15575,1268
25110009,58,3,2025/12/21 13:18,0,36394,8053.6951376706575,0.22129183760154578,2443.7132356675556,2736,33658,1606,720,18169,6085,4738,630,9,0,24,27,6,6471,1482,0,1,1,4,9848,2,0,14,1,0,8,1,8,8,19758,6471,1482
25110009,63,4,2025/12/21 13:19,0,19463,6105.0292259062435,0.31367359738510214,2284.2678041447116,2474,16989,612,138,8605,3223,913,498,7,0,24,20,6,3797,1195,1,1,1,3,1932,0,0,5,1,0,6,1,6,6,11540,3797,1195
25110009,67,4,2025/12/21 13:20,0,19991,9823.539751547607,0.4913981167299088,915.2440914526674,5898,14093,394,128,5072,1692,1055,440,7,0,39,42,5,2435,1267,0,1,1,3,3452,1,0,0,0,0,6,1,6,6,6369,2435,1267
25110009,69,4,2025/12/21 13:20,0,33191,7302.261598188654,0.22000727902710535,1854.377844397727,3983,29208,1036,187,13082,4069,1483,421,9,0,28,27,7,4062,1132,1,0,1,5,6257,1,0,6,1,0,8,1,8,8,14242,4062,1132
25110009,70,4,2025/12/21 13:21,0,31381,7566.183878653646,0.24110716289008147,6161.090030016375,4414,26967,598,156,13912,4550,1569,403,9,0,26,27,8,5626,1138,1,1,1,5,2455,0,0,9,1,0,8,1,8,8,19831,5626,1138
25110009,79,4,2025/12/21 13:22,0,61766,12129.539568532276,0.1963789069800906,2275.4711152856353,4923,56843,1318,179,40321,19394,1544,534,11,0,49,43,8,23867,1465,1,0,1,6,5191,2,0,18,1,0,11,1,11,11,44404,23867,1465
25110009,104,3,2025/12/21 13:23,0,66775,8767.756090905954,0.13130297403078928,1500.2745277699094,6292,60483,2084,425,46577,28331,3040,490,12,0,36,33,10,29086,1267,0,1,1,8,7047,1,0,20,1,2,16,1,16,16,51566,29086,1267
25110009,110,2,2025/12/21 13:39,0,70984,11302.869690992555,0.15923123085473564,2471.893348176196,10540,60444,2360,1066,42341,25554,3245,509,11,2,52,51,7,29454,3046,2,1,1,3,6807,3,0,17,1,0,9,3,9,8,48258,29454,3046
25110009,138,4,2025/12/21 13:40,0,27273,6063.435835030831,0.22232375738022334,1118.737893152348,3267,24006,1241,264,13542,7991,1037,264,10,0,24,24,7,9028,873,1,1,1,4,1550,1,1,15,1,0,8,1,8,8,18363,9028,873
25110009,174,3,2025/12/21 13:24,0,34390,8953.988360132507,0.26036604711057015,1781.0975536735255,5486,28904,2278,1437,20753,6930,894,357,9,0,31,33,4,6892,1611,1,0,1,2,11495,3,1,4,1,0,6,1,6,6,11633,6892,1611
25110009,176,3,2025/12/21 13:25,0,48354,10764.437157631706,0.22261730482755732,823.3695331265699,3563,44791,940,165,24207,8818,1083,568,10,0,39,42,9,9768,1539,1,1,1,6,3239,0,0,16,1,0,10,1,10,10,28634,9768,1539
25110009,199,3,2025/12/21 13:26,0,49108,11108.537340028563,0.22620626659665558,2247.339853413018,5368,43740,1168,346,29385,10241,1614,414,12,0,47,45,10,10724,1352,0,1,1,8,6160,1,0,15,1,5,14,1,14,14,32325,10724,1352
25110009,301,3,2025/12/21 13:42,0,39305,8163.779468597948,0.20770333211036632,2308.3958515419163,2343,36962,2247,406,19584,4657,4052,478,12,1,33,34,9,6135,1108,2,3,1,3,3281,1,0,12,1,0,10,2,10,8,28853,6135,1108
25110009,307,4,2025/12/21 13:41,0,23615,5703.961163236843,0.24153974860202598,459.763561384766,4809,18806,922,179,6481,1374,1169,407,9,0,20,22,8,1813,1066,1,1,1,5,2075,0,0,0,0,0,8,1,8,8,10394,1813,1066
25110009,319,4,2025/12/21 13:41,0,40766,9684.469206623327,0.23756241001381856,2477.058596364471,4957,35809,948,315,21519,10502,1612,355,9,0,35,34,7,12437,1491,2,2,2,1,1566,0,0,14,2,0,7,2,7,4,27041,12437,1491
25110009,350,3,2025/12/21 13:38,0,27844,5039.4566800419525,0.1809889627942089,300.3534982117322,4226,23618,2065,845,12718,3419,2014,725,9,0,13,13,6,5158,1814,1,1,1,3,3535,0,2,11,1,0,6,1,6,6,18264,5158,1814
25110009,361,3,2025/12/21 13:31,0,404822,57638.65389330618,0.14238024092886795,13239.879441626483,11088,393734,11496,1140,302327,55981,5028,237,50,6,215,184,36,58730,1026,7,5,3,21,5210,1,3,137,3,5,36,6,36,15,353201,58730,1026
25110009,385,2,2025/12/21 13:28,0,161238,29732.819904293632,0.18440330383838568,6852.32520874208,4041,157197,5286,432,116198,20453,5375,104,38,10,150,159,28,21393,874,8,11,0,9,21917,6,1,88,3,8,33,6,33,17,129602,21393,874
25110009,390,4,2025/12/21 13:27,0,29215,8352.166105331804,0.2858862264361391,2232.5929587216365,3544,25671,4278,3443,12653,5847,884,465,9,0,35,34,8,6366,1076,1,1,1,5,5869,0,0,0,0,0,8,1,8,8,15698,6366,1076
25110010,5,2,2025/12/18 11:06,0,100985,10831.912967100221,0.10726259312868466,5681.4431800813645,3221,97764,4239,770,63013,12944,3732,312,27,0,48,50,3,59974,4113,1,0,2,0,22389,11,0,27,2,0,10,4,10,5,64087,59974,4113
25110010,17,2,2025/12/18 11:08,0,98668,15002.807088759524,0.15205342247496173,7911.319638104507,14033,84635,4479,715,49651,7626,4665,431,24,0,51,57,10,14129,1697,4,1,1,4,25239,3,0,40,2,1,13,3,13,9,57515,14129,1697
25110010,18,4,2025/12/18 11:13,0,29395,7188.666798380787,0.24455406696311574,4443.599049850829,2916,26479,743,319,15552,3562,1506,390,11,0,31,31,5,7274,2108,3,2,0,0,2093,2,0,0,0,0,5,3,5,2,19768,7274,2108
25110010,22,4,2025/12/18 11:12,0,18247,5464.143791689124,0.2994543646456472,3294.7513506621926,3123,15124,376,243,6388,1272,971,416,7,0,24,12,5,3696,1838,2,1,1,1,2192,0,0,0,0,0,5,2,5,4,9755,3696,1838
25110010,27,4,2025/12/18 11:12,0,25459,6962.341827321709,0.2734727140626776,4795.637948613374,2566,22893,2475,2138,9952,2998,1893,628,7,0,18,17,3,8002,2114,2,1,0,0,2840,2,0,0,0,0,4,2,4,3,10116,8002,2114
25110010,28,4,2025/12/18 11:11,0,69771,10558.878519505995,0.1513362072996803,7741.920693626197,3567,66204,2416,734,33876,8874,1384,228,15,7,39,48,5,7507,5137,3,0,1,1,18270,3,4,11,1,1,7,3,7,5,26631,7507,5137
25110010,39,4,2025/12/18 11:14,0,72156,7719.297277055563,0.1069806707280831,252.7131535512788,9336,62820,17429,6947,44861,6972,5026,228,19,0,34,17,12,9901,1690,2,2,8,0,2870,2,0,5,1,13,21,2,21,19,52543,9901,1690
25110010,52,2,2025/12/18 11:16,0,136437,19404.73309322949,0.1422248590428512,7760.184115707968,7198,129239,1740,510,91911,17663,8758,423,23,2,68,69,15,19105,1690,7,3,2,3,7232,3,0,55,3,5,22,7,22,7,117863,19105,1690
25110010,57,2,2025/12/18 11:18,0,67089,11140.40824552868,0.16605417051273205,4412.662207481322,2947,64142,6693,5666,41548,12169,3228,523,12,0,37,38,6,13711,4149,3,3,0,0,10225,1,0,17,3,0,8,4,8,4,47041,13711,4149
25110010,61,2,2025/12/18 11:20,0,52455,11673.464182017695,0.22254244937599266,2930.6385090700646,3199,49256,3078,1943,22808,3301,2255,361,13,0,36,29,6,9245,3492,3,1,2,0,10462,2,0,33,3,1,9,3,9,5,28179,9245,3492
25110010,65,2,2025/12/18 11:21,0,78330,11358.708130397443,0.1450109553223215,5272.373835005071,5310,73020,4755,1505,56249,14656,2136,446,16,0,38,45,7,26520,3620,6,1,0,0,5139,1,0,33,2,3,9,4,9,3,63223,26520,3620
25110010,68,3,2025/12/18 11:23,0,45021,8982.524396771441,0.19951854460743745,4984.867088354288,5816,39205,1401,713,25983,5335,1521,502,13,1,36,24,6,10145,1421,3,1,1,1,12198,1,1,3,1,1,9,4,9,4,18547,10145,1421
25110010,74,2,2025/12/18 11:24,0,73397,11078.291493613024,0.15093657088999582,4400.483364688315,2608,70789,4022,1738,37773,6388,1727,494,15,1,39,38,6,9916,2015,0,1,3,2,25268,2,0,5,1,1,10,3,10,6,25932,9916,2015
25110010,99,2,2025/12/18 11:25,0,114984,17153.53281456925,0.14918191065338873,4431.461106130974,5202,109782,1393,413,88642,22109,3769,601,17,3,63,59,11,24695,2133,5,1,1,4,6001,0,0,26,1,4,13,4,13,10,96249,24695,2133
25110010,105,2,2025/12/18 11:28,0,37099,10201.609786392739,0.2749834169760031,4417.640356497554,2904,34195,132,132,13978,3038,1423,460,11,0,27,35,3,9119,3323,3,0,0,0,8589,2,0,0,0,0,4,4,4,1,12442,9119,3323
25110010,139,4,2025/12/20 14:32,0,44377,11662.724138447862,0.26281010745313704,4350.576093797773,3686,40691,835,286,22297,3381,3051,408,15,0,50,32,6,7981,1930,2,2,1,1,13157,5,0,20,2,0,10,3,10,5,21946,7981,1930
25110010,162,4,2025/12/20 14:33,0,17298,4809.595747061441,0.2780434586114835,617.4375799287852,2025,15273,945,467,9216,1886,813,442,8,0,17,16,2,1644,1644,1,1,0,0,2142,3,0,0,0,0,4,2,4,2,1644,1644,1644
25110010,191,3,2025/12/18 11:29,0,44913,7954.62590857509,0.17711188093814909,920.7833943581853,3565,41348,4333,2718,27051,9166,1216,481,11,1,30,35,4,9647,2374,1,2,0,1,18295,2,0,15,2,1,6,3,6,3,16892,9647,2374
25110010,305,4,2025/12/18 11:49,0,16145,3774.208183736749,0.23376947561082373,449.5048742571505,1703,14442,422,421,7179,1449,1534,430,7,0,13,13,5,3618,1760,2,1,0,2,2043,0,0,2,1,0,5,2,5,4,10305,3618,1760
25110010,308,2,2025/12/18 11:48,0,86429,17774.609862201894,0.20565562325379091,6678.111205634527,6412,80017,2452,668,38941,7318,2736,381,15,0,64,59,8,14919,1562,5,1,1,1,3218,0,0,6,1,0,8,5,8,4,52520,14919,1562
25110010,309,4,2025/12/18 11:47,0,27755,7564.800856450475,0.2725563270203738,1568.272209280283,2734,25021,644,416,15505,3290,2093,354,10,1,27,22,6,5547,1307,2,2,0,2,7742,1,0,0,0,1,8,4,8,5,16092,5547,1307
25110010,314,3,2025/12/18 11:46,0,30161,5447.343196994786,0.18060883912982945,2464.293276151689,3411,26750,1374,766,17231,8418,2002,354,7,0,29,19,5,5239,1795,2,1,1,1,11782,0,0,7,1,0,5,2,5,4,12088,5239,1795
25110010,328,4,2025/12/18 11:46,0,27337,5756.863132398615,0.21058869416536616,2866.8303002720754,3208,24129,424,213,14427,2247,1088,402,10,0,25,29,7,4030,1618,2,2,2,1,5485,0,0,0,0,0,7,2,7,4,15064,4030,1618
25110010,333,4,2025/12/18 11:45,0,43657,9966.531125259553,0.22829170866664117,4543.659807458182,2133,41524,1383,477,26040,6984,2524,370,12,0,36,38,5,8586,2454,3,1,1,0,17119,1,0,23,2,1,7,3,7,3,21063,8586,2454
25110010,344,2,2025/12/18 11:40,0,49717,9312.63610654681,0.18731291321976004,4778.18848131674,6239,43478,6165,5128,23370,3421,2708,71,14,0,38,35,3,5754,2869,2,1,0,0,8411,1,1,11,1,0,3,2,3,2,8623,5754,2869
25110010,386,3,2025/12/18 11:34,0,48319,11009.55246651129,0.22785141386434507,3481.1302280748982,4648,43671,1750,488,21829,3773,2206,389,11,0,27,27,4,7126,3420,3,1,0,0,18216,0,0,16,3,0,4,3,4,2,15833,7126,3420
25110010,388,2,2025/12/18 11:33,0,75083,13483.24970045923,0.17957792976385106,4284.796889064914,9777,65306,7360,2403,43676,16255,2885,228,16,1,37,34,4,23103,6552,3,1,0,0,17387,2,0,25,2,0,5,3,5,3,46138,23103,6552
25110010,391,4,2025/12/18 11:32,0,49942,12072.759325628702,0.24173559980835171,3784.3415976104056,3207,46735,1422,448,33451,13694,1189,569,9,1,35,36,3,4360,1867,2,1,0,0,34758,0,0,0,0,0,3,2,3,2,6227,4360,1867
25110010,394,2,2025/12/20 14:31,0,76314,12015.813763995124,0.157452286133542,3373.0672981328107,10845,65469,2892,1038,27630,7303,3525,415,12,1,36,40,8,12678,2659,2,3,2,1,5145,2,0,14,2,1,12,3,12,7,41256,12678,2659
25110010,399,4,2025/12/18 11:30,0,68236,13575.892755744095,0.19895499085151672,11806.372805417654,8680,59556,2645,1510,38985,4898,2002,86,20,3,56,54,12,11812,1408,4,5,3,0,12114,1,2,1,1,0,10,4,10,4,40789,11812,1408
25110011,5,2,2025/12/23 10:44,0,80680,7398.492038363866,0.0917016861472963,1997.6994261182192,16294,64386,2820,728,44181,13692,4935,541,10,0,29,21,4,25289,6134,0,3,1,0,10921,2,0,18,2,1,7,2,7,4,48403,25289,6134
25110011,17,2,2025/12/23 10:45,0,85086,13065.1479262442,0.15355226390057355,3016.784123696969,9093,75993,2505,911,63400,25935,2876,335,12,0,28,31,1,0,0,1,0,0,0,40494,2,1,20,1,0,3,3,3,1,0,0,0
25110011,18,4,2025/12/23 10:49,0,21460,6369.949204658335,0.296828947094983,605.8433561810934,5761,15699,1175,345,7785,1184,2123,452,9,0,22,18,2,3065,3065,2,0,0,0,4170,1,0,0,0,0,3,2,3,2,3065,3065,3065
25110011,22,4,2025/12/23 10:49,0,14337,4825.3469236030505,0.33656601266673997,511.85489027884313,3039,11298,779,165,6333,1412,596,318,7,0,14,14,1,0,0,1,0,0,0,2352,0,0,0,0,0,1,1,1,1,0,0,0
25110011,27,4,2025/12/23 10:48,0,22963,5815.273800616624,0.2532453860826819,1115.8208570204108,4436,18527,466,165,11885,6583,648,466,7,0,20,17,1,0,0,1,0,0,0,15915,2,0,8,1,0,3,3,3,1,0,0,0
25110011,28,2,2025/12/23 10:47,0,65278,6865.101122131986,0.10516714853598434,423.4814522865378,8896,56382,2880,713,31948,15979,2089,509,7,0,19,18,0,0,0,0,0,0,0,0,0,0,0,0,0,0,0,0,0,0,0,0
25110011,39,4,2025/12/23 10:50,0,19431,4196.409696381022,0.21596467996402766,965.221488646511,5071,14360,633,148,8289,2589,1240,379,7,0,13,13,0,0,0,0,0,0,0,0,3,0,2,1,0,3,2,3,2,0,0,0
25110011,52,2,2025/12/23 10:50,0,65730,8468.201778234601,0.12883313218065726,2057.6179200219963,3582,62148,2406,585,44108,9341,3380,572,12,0,24,30,3,39644,4417,1,1,0,1,11513,4,0,17,2,0,7,3,7,5,44061,39644,4417
25110011,57,4,2025/12/23 10:51,0,37722,6349.754319215546,0.1683302666670788,1299.1245747500477,7530,30192,1276,268,19882,6403,2013,492,10,0,30,18,4,11770,2563,0,1,1,2,6256,4,0,0,0,0,8,1,8,8,21480,11770,2563
25110011,61,4,2025/12/23 10:52,0,36012,6634.137654122749,0.18422019477181908,672.3598338520655,11011,25001,1234,368,15430,4043,1280,430,10,0,19,14,3,2362,2271,0,1,0,2,18662,4,0,1,1,0,7,2,7,5,4633,2362,2271
25110011,65,2,2025/12/23 10:53,0,35207,5939.474817104134,0.16870153143136687,1239.4987548799884,6129,29078,5582,3900,18443,8691,1951,510,9,0,19,17,0,0,0,0,0,0,0,0,3,0,6,1,0,3,1,3,3,0,0,0
25110011,68,3,2025/12/23 10:54,0,38320,5668.096280559655,0.147914829868467,804.4835610696442,5951,32369,3082,1317,20990,4508,1425,220,12,0,28,27,3,11875,4260,2,0,1,0,9338,3,3,0,0,0,5,2,5,4,16135,11875,4260
25110011,74,4,2025/12/23 10:55,0,45386,7588.664490485382,0.16720276055359323,1546.9555927233891,7766,37620,1185,189,23805,7658,2035,594,10,0,20,18,6,4484,1940,2,1,1,2,19306,0,0,5,1,0,7,2,7,6,15852,4484,1940
25110011,99,4,2025/12/23 10:55,0,19253,4499.3440187498345,0.2336957367033623,1647.5616071311601,6206,13047,935,162,6032,1827,813,358,7,0,17,16,3,4297,1019,0,1,0,2,4893,3,0,0,0,0,6,1,6,6,5316,4297,1019
25110011,105,4,2025/12/23 10:56,0,21055,5489.301630922233,0.2607124973128584,1151.8783181955114,4784,16271,1087,238,9364,2277,1179,266,9,0,19,17,2,8230,8230,2,0,0,0,3051,1,0,12,1,0,3,2,3,2,8230,8230,8230
25110011,139,4,2025/12/23 11:01,0,46625,9459.914572635134,0.2028936101369466,2025.068372809242,11005,35620,1750,500,23383,7638,1676,368,14,0,48,34,7,13763,1361,0,1,0,6,6590,4,0,15,1,0,10,1,10,10,25871,13763,1361
25110011,162,4,2025/12/23 11:03,0,22697,3557.1761352130347,0.15672450699268778,1012.6875238443436,2951,19746,531,133,13481,8118,1463,369,7,0,23,12,5,8790,1386,1,1,1,2,3094,1,0,0,0,0,5,1,5,5,14071,8790,1386
25110011,191,4,2025/12/23 10:57,0,24945,4976.8899981789755,0.19951453189733315,324.1495042973612,7157,17788,779,156,9891,3176,1416,413,8,0,14,17,1,0,0,0,1,0,0,8734,2,0,12,1,0,3,2,3,2,0,0,0
25110011,305,4,2025/12/23 11:08,0,15919,4214.985725632749,0.26477704162527477,957.1818245842072,4535,11384,759,177,5196,1260,923,426,7,0,18,11,4,1591,996,0,1,1,2,4716,1,0,0,0,0,5,1,5,5,3676,1591,996
25110011,308,2,2025/12/23 11:07,0,72836,12686.637052004242,0.17418085908073264,2911.8151538017564,3632,69204,4423,1996,30594,4910,2267,255,16,0,38,42,8,11082,1922,1,1,1,5,2590,2,3,15,1,0,10,3,10,8,44468,11082,1922
25110011,309,4,2025/12/23 11:06,0,31151,6207.261925351862,0.199263648850819,1404.2586511353647,3309,27842,1057,216,19115,7227,1759,468,9,0,21,20,7,8850,1293,1,1,1,4,4958,0,0,4,1,0,7,1,7,7,21255,8850,1293
25110011,314,4,2025/12/23 11:06,0,12670,4372.700951262086,0.3451224113071891,552.3394837604833,2088,10582,663,206,5664,1136,588,370,7,0,18,19,2,2563,2563,1,0,1,0,5181,1,0,0,0,0,3,1,3,3,2563,2563,2563
25110011,328,4,2025/12/23 11:05,0,31846,6073.166346959209,0.19070421236447932,1235.020091861509,12236,19610,1065,191,13051,3037,1091,326,10,0,21,27,4,6219,1275,2,1,1,0,3909,1,0,0,0,0,5,2,5,3,11015,6219,1275
25110011,333,2,2025/12/23 11:03,0,72970,7015.1152526234,0.09613697756096204,1862.989099615501,8884,64086,3791,1619,45648,14769,3522,599,10,0,20,21,7,19756,4094,2,1,2,2,5759,1,0,30,2,1,9,2,9,6,56809,19756,4094
25110011,344,2,2025/12/23 11:02,0,30508,5794.444417259843,0.18993196595187634,2956.2471095450815,6783,23725,809,162,15950,7668,991,401,9,0,17,16,4,8659,1566,1,1,0,2,3933,2,1,11,1,0,5,1,5,5,16629,8659,1566
25110011,386,3,2025/12/23 11:00,0,42945,6690.389064170779,0.15578970926000185,1765.4011934755088,3524,39421,1398,208,24547,6124,1928,581,10,0,33,21,4,19144,1325,1,2,1,0,5991,1,0,7,1,0,5,2,5,3,25493,19144,1325
25110011,388,4,2025/12/23 10:59,0,25538,5591.311212152106,0.21894084157538202,1114.14263337684,743,24795,1207,367,11194,2017,1415,478,10,0,24,17,6,9315,1287,1,0,0,5,3338,3,0,14,1,0,9,1,9,9,16515,9315,1287
25110011,391,4,2025/12/23 10:59,0,25081,5243.924985777407,0.2090795815867552,492.44409344793854,5770,19311,1893,406,9799,2407,2298,356,9,0,26,21,4,7266,1704,2,1,1,0,4146,2,0,0,0,0,5,2,5,3,10730,7266,1704
25110011,394,4,2025/12/23 10:58,0,42236,6426.08386608872,0.15214707515126244,179.0665810011249,5831,36405,3166,1937,23824,6726,3368,432,10,0,35,25,7,7644,2328,1,0,1,5,8934,2,0,13,1,0,10,1,10,10,25763,7644,2328
25110011,399,4,2025/12/23 10:57,0,49314,10302.3061005539,0.2089124001410127,2666.5054705321054,6007,43307,2621,646,22941,3202,1717,277,17,1,46,37,11,5763,1278,2,1,2,6,3176,1,0,0,0,0,11,2,11,7,34274,5763,1278
